dtfk1,dtfk4,ft4,dtsk4,dtsk5,dtfk7,dtfk8,dtfk11,ft11,dtsk11,dtsk12,dtfk13,gender
47,78,109,94,78,62,78,94,94,31,79,78,1
62,62,32,62,94,93,78,110,78,93,156,93,1
63,78,109,94,94,62,93,94,94,31,79,63,1
109,62,313,391,62,79,94,62,47,32,78,62,1
78,62,16,47,32,437,78,47,63,94,16,16,1
32,62,313,391,62,250,90,62,47,32,78,46,1
78,78,109,219,63,79,78,63,93,63,78,63,1
63,47,62,63,94,93,63,47,109,47,16,62,1
78,78,109,219,94,62,79,63,93,63,78,63,1
119,78,172,266,94,78,94,109,31,94,78,63,1
94,78,15,78,78,31,63,110,47,78,63,16,1
15,78,172,266,78,78,62,109,31,94,78,78,1
78,63,141,281,47,62,125,93,156,47,16,16,1
47,47,47,78,47,94,187,16,78,47,156,328,1
235,63,141,281,109,78,63,93,156,47,16,31,1
79,78,94,94,78,78,63,78,63,78,78,78,1
94,78,16,62,78,79,62,78,62,63,79,78,1
78,78,94,94,78,78,78,78,63,78,78,78,1
109,63,172,125,125,16,94,141,78,157,78,109,1
125,109,16,78,125,47,109,94,94,62,47,109,1
93,63,172,125,172,78,78,141,78,157,78,124,1
94,93,16,94,31,31,4,16,79,62,78,15,1
110,110,78,94,32,62,172,78,32,141,125,15,1
31,93,16,94,32,31,72,16,79,62,78,78,1
62,62,16,125,16,78,78,94,31,47,94,16,1
62,78,32,62,47,31,63,94,16,109,94,391,1
16,62,16,125,78,94,77,94,31,47,94,62,1
94,78,63,78,78,78,109,94,78,109,109,94,1
110,109,31,78,266,109,93,75,86,93,47,62,1
109,78,63,78,109,109,110,94,78,109,109,109,1
78,62,62,156,78,78,140,31,141,62,484,62,1
94,250,63,31,79,63,31,15,94,109,62,93,1
94,62,62,156,141,62,78,31,141,62,484,47,1
47,16,63,78,31,62,78,172,15,63,125,110,1
78,110,15,79,78,110,62,78,15,78,16,32,1
16,16,63,78,125,78,78,172,15,63,125,94,1
47,78,156,235,94,78,78,156,47,125,62,63,1
250,78,15,78,109,16,62,203,31,109,343,156,1
78,78,156,235,109,78,78,156,47,125,62,93,1
78,63,62,94,78,62,78,78,47,78,110,32,1
110,47,47,62,79,203,62,156,63,125,156,62,1
94,63,62,94,63,32,110,78,47,78,110,94,1
109,93,32,110,62,78,79,32,78,79,15,47,1
63,78,15,62,63,47,16,110,15,93,32,15,1
94,93,32,110,125,703,62,32,78,79,15,31,1
78,63,15,78,78,63,94,63,93,63,94,15,1
94,110,15,93,219,79,15,63,94,62,32,78,1
94,63,15,78,234,141,78,63,93,63,94,78,1
93,94,78,125,78,125,94,94,94,203,78,94,1
250,93,16,78,93,141,47,265,78,110,16,94,1
140,94,78,125,172,94,156,94,94,203,78,125,1
562,94,0,94,94,78,94,94,125,78,125,78,1
93,110,78,78,94,78,62,94,78,78,63,78,1
156,94,0,94,94,47,78,94,125,78,125,94,1
125,141,265,390,110,15,109,203,62,141,359,125,1
38,172,250,31,187,94,94,16,110,78,15,344,1
16,141,265,390,140,141,94,203,62,141,359,391,1
94,94,78,156,93,109,94,234,63,157,63,62,1
78,94,16,62,125,94,641,156,47,109,140,32,1
125,94,78,156,94,125,94,234,63,157,63,109,1
141,62,391,110,110,78,125,297,31,141,109,344,1
93,94,47,94,141,16,125,172,31,140,15,62,1
234,62,391,110,109,125,94,297,31,141,109,94,1
62,63,15,109,62,46,63,109,16,31,125,15,1
63,78,63,31,62,78,93,94,47,94,110,62,1
78,63,15,109,63,62,78,109,16,31,125,94,1
141,118,53,91,144,31,125,110,94,187,125,110,1
109,110,15,63,94,219,16,94,125,78,250,110,1
125,118,53,91,125,156,171,110,94,187,125,109,1
94,94,15,63,63,62,31,63,109,140,62,79,1
78,78,79,62,78,78,15,78,79,78,15,63,1
140,94,15,63,79,110,110,63,109,140,62,79,1
125,109,63,78,47,46,125,141,46,32,109,41,1
172,94,31,94,203,172,63,156,47,94,219,47,1
94,109,63,78,110,32,94,141,46,32,109,46,1
78,78,156,141,125,78,109,94,125,78,94,109,1
203,78,16,62,94,109,78,78,110,78,32,78,1
78,78,156,141,125,94,63,94,125,78,94,63,1
62,63,47,62,62,62,78,79,140,47,78,47,1
78,62,32,93,62,94,78,109,94,62,78,47,1
63,63,47,62,78,78,63,79,140,47,78,78,1
94,78,250,328,172,47,422,140,234,63,78,62,1
313,46,79,31,172,140,359,16,93,63,62,156,1
78,78,250,328,172,109,94,140,234,63,78,79,1
93,78,234,94,94,63,79,63,140,94,78,78,1
63,62,188,62,109,78,93,78,140,78,344,94,1
62,78,234,94,109,78,62,63,140,94,78,62,1
93,62,110,250,63,125,187,125,47,63,93,47,1
78,78,31,78,63,78,62,125,15,78,547,0,1
31,62,110,250,31,109,94,125,47,63,93,78,1
156,109,32,171,109,63,156,156,47,78,78,47,1
62,94,93,47,109,94,93,78,47,125,0,62,1
47,109,32,171,125,62,125,156,47,78,78,94,1
125,93,94,78,63,141,78,94,78,94,78,78,1
187,78,31,63,94,94,93,110,93,78,32,78,1
78,93,94,78,63,109,79,94,78,94,78,78,1
125,109,250,78,78,125,62,47,156,79,94,63,1
110,78,219,93,78,62,109,78,109,79,140,93,1
94,109,250,78,94,94,109,47,156,79,94,93,1
63,63,93,156,63,78,141,78,31,125,110,78,1
62,47,16,47,656,62,78,140,0,63,62,31,1
78,63,93,156,94,94,78,78,31,125,110,78,1
109,47,391,438,46,78,110,109,125,109,78,15,1
94,78,141,78,46,31,63,125,31,62,78,32,1
78,47,391,438,94,110,0,109,125,109,78,94,1
125,93,485,594,140,78,125,47,62,109,93,0,1
93,109,47,78,141,32,78,125,62,125,94,94,1
156,93,485,594,109,125,109,47,62,109,93,93,1
62,31,125,63,79,62,78,78,78,47,78,63,1
172,79,46,47,94,78,78,78,94,63,47,63,1
62,31,125,63,94,62,62,78,78,47,78,78,1
93,79,128,225,110,63,15,78,63,93,62,32,1
78,78,47,62,0,79,109,79,78,172,78,78,1
78,79,128,225,141,94,47,78,63,93,62,47,1
63,93,63,140,109,63,78,78,94,188,62,47,1
62,79,62,78,109,94,94,78,125,62,78,47,1
62,93,63,140,94,125,63,78,94,188,62,94,1
78,40,271,380,125,47,94,125,32,0,78,32,1
62,78,32,78,125,62,78,312,63,94,141,62,1
63,40,271,380,94,62,76,125,32,0,78,79,1
78,78,140,79,93,47,62,63,93,63,62,63,1
63,63,94,62,125,78,78,78,110,62,78,78,1
63,78,140,79,125,63,47,63,93,63,62,78,1
126,109,31,172,156,94,109,140,47,63,79,31,1
125,125,15,78,156,31,94,829,31,93,110,62,1
141,109,31,172,157,94,94,140,47,63,79,109,1
62,63,78,62,94,78,93,78,94,63,78,31,1
94,78,61,52,188,63,47,62,110,62,15,31,1
94,63,78,62,78,94,109,78,94,63,78,78,1
125,93,188,78,94,110,109,78,110,78,110,125,1
156,78,0,78,109,156,78,62,94,62,235,125,1
109,93,188,78,94,156,78,78,110,78,110,125,1
125,47,109,203,62,31,47,157,31,62,47,156,1
47,344,94,0,31,0,125,0,47,63,16,31,1
16,47,109,203,125,125,78,157,31,62,47,94,1
141,78,203,78,88,78,78,94,140,79,109,78,1
109,62,157,78,78,78,109,94,172,78,110,78,1
110,78,203,78,250,94,78,94,140,79,109,93,1
156,78,79,110,110,78,94,63,47,15,63,48,1
15,15,94,31,94,16,46,16,78,62,31,16,1
63,78,79,110,31,625,93,63,47,15,63,16,1
156,187,109,157,94,110,218,94,203,63,171,110,1
125,78,141,47,172,125,297,16,141,62,78,531,1
250,187,109,157,110,141,110,94,203,63,171,93,1
125,94,125,125,125,109,78,125,94,78,93,94,1
141,94,47,109,171,110,109,156,47,110,453,94,1
109,94,125,125,141,125,110,125,94,78,93,94,1
78,78,125,94,98,78,94,78,110,46,63,63,1
109,94,31,78,78,110,94,94,93,78,109,63,1
78,78,125,94,78,93,94,78,110,46,63,63,1
93,94,47,156,140,94,141,250,31,125,114,78,1
94,125,0,63,187,62,94,125,93,94,110,62,1
250,94,47,156,140,141,94,250,31,125,114,125,1
125,78,16,141,125,78,140,62,140,63,16,0,1
78,78,78,63,125,78,172,78,93,32,187,94,1
78,78,16,141,94,140,78,62,140,63,16,78,1
93,297,16,203,137,125,78,94,78,109,78,94,1
172,93,32,78,137,109,94,109,63,141,109,15,1
62,297,16,203,140,47,78,94,78,109,78,78,1
94,110,109,203,109,125,110,109,63,78,93,78,1
500,125,47,62,109,46,110,78,110,109,172,79,1
93,110,109,203,125,141,78,109,63,78,93,94,1
156,109,31,78,31,15,78,47,125,47,63,31,1
78,31,156,16,31,47,31,94,0,62,31,32,1
78,109,31,78,31,78,16,47,125,47,63,0,1
110,110,31,125,125,63,203,47,141,31,63,46,1
47,16,110,94,125,0,16,0,93,47,156,0,1
32,110,31,125,15,250,94,47,141,31,63,93,1
94,63,172,78,78,78,63,47,125,63,62,63,1
78,79,62,63,47,94,78,78,109,63,13,63,1
63,63,172,78,78,78,74,47,125,63,62,62,1
78,109,79,109,78,47,110,140,16,62,63,32,2
78,125,63,62,141,94,78,109,16,78,94,78,2
78,109,79,109,94,125,63,140,16,62,63,78,2
375,94,156,250,141,109,109,94,62,94,78,156,2
94,47,47,62,141,47,78,79,78,62,266,16,2
171,94,156,250,94,63,109,94,62,94,78,78,2
109,94,141,250,47,62,47,32,141,31,16,16,2
63,78,172,16,47,47,94,31,94,31,125,16,2
32,94,141,250,47,94,91,32,141,31,16,110,2
62,78,31,109,63,62,62,218,47,16,62,16,2
47,62,16,47,94,31,62,94,15,62,16,16,2
63,78,31,109,94,125,62,218,47,16,62,47,2
172,94,31,140,62,93,94,62,94,62,109,125,2
219,94,62,78,62,31,94,94,109,62,78,16,2
140,94,31,140,78,109,62,62,94,62,109,78,2
57,90,63,80,110,89,79,69,111,41,109,81,2
192,78,31,78,65,89,94,78,94,94,141,79,2
74,90,63,80,103,11,47,69,111,41,109,78,2
110,109,63,172,109,79,109,156,63,141,125,15,2
94,156,16,78,109,109,110,110,47,62,62,410,2
187,109,63,172,109,93,141,156,63,141,125,125,2
93,93,32,187,78,63,78,94,78,47,78,20,2
125,62,16,62,78,47,94,94,31,63,15,32,2
78,93,32,187,63,63,94,94,78,47,78,125,2
62,78,219,62,47,63,94,79,125,62,62,62,2
62,62,63,78,78,79,63,93,110,93,485,47,2
31,78,219,62,109,94,63,79,125,62,62,63,2
109,125,63,109,125,94,94,78,93,203,78,47,2
94,94,31,110,187,16,109,109,110,62,62,78,2
125,125,63,109,110,94,94,78,93,203,78,94,2
93,94,31,79,140,78,110,125,62,109,94,31,2
94,78,32,78,124,62,94,79,93,140,0,62,2
79,94,31,79,125,78,78,125,62,109,94,62,2
94,79,15,140,90,109,110,94,94,47,78,16,2
94,78,32,94,93,31,78,78,94,78,31,78,2
62,79,15,140,125,62,109,94,94,47,78,94,2
63,47,62,78,79,62,156,63,109,62,31,47,2
63,93,47,63,141,110,78,62,125,63,94,16,2
203,47,62,78,110,62,47,63,109,62,31,62,2
140,94,62,172,100,94,94,141,62,125,94,16,2
125,93,32,78,110,16,94,109,31,110,47,16,2
31,94,62,172,125,79,516,141,62,125,94,79,2
63,62,63,78,79,63,78,78,93,63,62,47,2
78,63,78,63,62,78,63,78,94,63,78,78,2
94,62,63,78,63,62,78,78,93,63,62,63,2
109,78,47,125,47,93,78,47,63,109,62,16,2
47,16,93,32,47,609,16,31,62,79,62,0,2
94,78,47,125,62,31,78,47,63,109,62,16,2
94,62,157,78,62,79,94,79,78,78,93,94,2
94,93,0,94,78,125,110,78,110,78,94,78,2
110,62,157,78,94,140,79,79,78,78,93,94,2
94,63,94,78,63,63,63,78,94,63,78,78,2
94,62,63,62,78,62,78,63,109,78,125,63,2
63,63,94,78,47,63,62,78,94,63,78,47,2
78,156,0,78,180,63,266,31,109,47,0,31,2
94,15,78,47,187,62,156,15,125,46,141,16,2
47,156,0,78,172,125,31,31,109,47,0,63,2
62,78,62,109,125,94,110,141,0,62,32,31,2
78,47,78,31,125,78,156,63,172,16,500,78,2
78,78,62,109,94,78,63,141,0,62,32,78,2
