dtfk1,dtsk1,dtfk4,ft4,dtsk4,dtfk8,dtsk10,dtfk11,ft11,dtsk11,dtsk12,gender
47,63,78,109,94,78,78,94,94,31,79,1
62,93,62,32,62,78,79,110,78,93,156,1
63,93,78,109,94,93,78,94,94,31,79,1
109,109,62,313,391,94,47,62,47,32,78,1
78,78,62,16,47,78,62,47,63,94,16,1
32,16,62,313,391,90,47,62,47,32,78,1
78,62,78,109,219,78,94,63,93,63,78,1
63,63,47,62,63,63,47,47,109,47,16,1
78,62,78,109,219,79,94,63,93,63,78,1
119,156,78,172,266,94,93,109,31,94,78,1
94,94,78,15,78,63,47,110,47,78,63,1
15,16,78,172,266,62,93,109,31,94,78,1
78,94,63,141,281,125,63,93,156,47,16,1
47,78,47,47,78,187,62,16,78,47,156,1
235,328,63,141,281,63,63,93,156,47,16,1
79,109,78,94,94,63,94,78,63,78,78,1
94,78,78,16,62,62,47,78,62,63,79,1
78,78,78,94,94,78,94,78,63,78,78,1
109,125,63,172,125,94,62,141,78,157,78,1
125,47,109,16,78,109,93,94,94,62,47,1
93,109,63,172,125,78,62,141,78,157,78,1
94,141,93,16,94,4,78,16,79,62,78,1
110,15,110,78,94,172,62,78,32,141,125,1
31,15,93,16,94,72,78,16,79,62,78,1
62,125,62,16,125,78,78,94,31,47,94,1
62,78,78,32,62,63,47,94,16,109,94,1
16,391,62,16,125,77,78,94,31,47,94,1
94,110,78,63,78,109,93,94,78,109,109,1
110,78,109,31,78,93,79,75,86,93,47,1
109,62,78,63,78,110,93,94,78,109,109,1
78,157,62,62,156,140,78,31,141,62,484,1
94,94,250,63,31,31,78,15,94,109,62,1
94,93,62,62,156,78,78,31,141,62,484,1
47,63,16,63,78,78,93,172,15,63,125,1
78,110,110,15,79,62,78,78,15,78,16,1
16,32,16,63,78,78,93,172,15,63,125,1
47,125,78,156,235,78,110,156,47,125,62,1
250,125,78,15,78,62,62,203,31,109,343,1
78,156,78,156,235,78,110,156,47,125,62,1
78,94,63,62,94,78,62,78,47,78,110,1
110,78,47,47,62,62,62,156,63,125,156,1
94,62,63,62,94,110,62,78,47,78,110,1
109,109,93,32,110,79,63,32,78,79,15,1
63,78,78,15,62,16,141,110,15,93,32,1
94,15,93,32,110,62,63,32,78,79,15,1
78,93,63,15,78,94,62,63,93,63,94,1
94,94,110,15,93,15,62,63,94,62,32,1
94,78,63,15,78,78,62,63,93,63,94,1
93,94,94,78,125,94,78,94,94,203,78,1
250,125,93,16,78,47,79,265,78,110,16,1
140,94,94,78,125,156,78,94,94,203,78,1
562,78,94,0,94,94,94,94,125,78,125,1
93,78,110,78,78,62,109,94,78,78,63,1
156,78,94,0,94,78,94,94,125,78,125,1
125,109,141,265,390,109,985,203,62,141,359,1
38,297,172,250,31,94,109,16,110,78,15,1
16,344,141,265,390,94,985,203,62,141,359,1
94,110,94,78,156,94,234,234,63,157,63,1
78,94,94,16,62,641,78,156,47,109,140,1
125,32,94,78,156,94,234,234,63,157,63,1
141,93,62,391,110,125,235,297,31,141,109,1
93,93,94,47,94,125,94,172,31,140,15,1
234,62,62,391,110,94,235,297,31,141,109,1
62,109,63,15,109,63,94,109,16,31,125,1
63,94,78,63,31,93,62,94,47,94,110,1
78,62,63,15,109,78,94,109,16,31,125,1
141,82,118,53,91,125,78,110,94,187,125,1
109,62,110,15,63,16,93,94,125,78,250,1
125,110,118,53,91,171,78,110,94,187,125,1
94,78,94,15,63,31,79,63,109,140,62,1
78,62,78,79,62,15,125,78,79,78,15,1
140,63,94,15,63,110,79,63,109,140,62,1
125,94,109,63,78,125,78,141,46,32,109,1
172,78,94,31,94,63,79,156,47,94,219,1
94,47,109,63,78,94,78,141,46,32,109,1
78,110,78,156,141,109,94,94,125,78,94,1
203,125,78,16,62,78,79,78,110,78,32,1
78,78,78,156,141,63,94,94,125,78,94,1
62,78,63,47,62,78,79,79,140,47,78,1
78,62,62,32,93,78,47,109,94,62,78,1
63,47,63,47,62,63,79,79,140,47,78,1
94,93,78,250,328,422,344,140,234,63,78,1
313,32,46,79,31,359,78,16,93,63,62,1
78,156,78,250,328,94,344,140,234,63,78,1
93,93,78,234,94,79,78,63,140,94,78,1
63,62,62,188,62,93,62,78,140,78,344,1
62,94,78,234,94,62,78,63,140,94,78,1
93,93,62,110,250,187,63,125,47,63,93,1
78,94,78,31,78,62,63,125,15,78,547,1
31,0,62,110,250,94,63,125,47,63,93,1
156,94,109,32,171,156,375,156,47,78,78,1
62,94,94,93,47,93,78,78,47,125,0,1
47,62,109,32,171,125,375,156,47,78,78,1
125,110,93,94,78,78,63,94,78,94,78,1
187,78,78,31,63,93,110,110,93,78,32,1
78,78,93,94,78,79,63,94,78,94,78,1
125,94,109,250,78,62,110,47,156,79,94,1
110,94,78,219,93,109,63,78,109,79,140,1
94,93,109,250,78,109,110,47,156,79,94,1
63,93,63,93,156,141,73,78,31,125,110,1
62,47,47,16,47,78,63,140,0,63,62,1
78,31,63,93,156,78,73,78,31,125,110,1
109,110,47,391,438,110,78,109,125,109,78,1
94,109,78,141,78,63,78,125,31,62,78,1
78,32,47,391,438,0,78,109,125,109,78,1
125,110,93,485,594,125,78,47,62,109,93,1
93,94,109,47,78,78,62,125,62,125,94,1
156,94,93,485,594,109,78,47,62,109,93,1
62,93,31,125,63,78,93,78,78,47,78,1
172,93,79,46,47,78,63,78,94,63,47,1
62,63,31,125,63,62,93,78,78,47,78,1
93,156,79,128,225,15,109,78,63,93,62,1
78,109,78,47,62,109,78,79,78,172,78,1
78,78,79,128,225,47,109,78,63,93,62,1
63,63,93,63,140,78,141,78,94,188,62,1
62,125,79,62,78,94,63,78,125,62,78,1
62,47,93,63,140,63,141,78,94,188,62,1
78,94,40,271,380,94,63,125,32,0,78,1
62,78,78,32,78,78,63,312,63,94,141,1
63,62,40,271,380,76,63,125,32,0,78,1
78,94,78,140,79,62,63,63,93,63,62,1
63,78,63,94,62,78,63,78,110,62,78,1
63,78,78,140,79,47,63,63,93,63,62,1
126,125,109,31,172,109,453,140,47,63,79,1
125,125,125,15,78,94,78,829,31,93,110,1
141,62,109,31,172,94,453,140,47,63,79,1
62,110,63,78,62,93,110,78,94,63,78,1
94,78,78,61,52,47,63,62,110,62,15,1
94,31,63,78,62,109,110,78,94,63,78,1
125,94,93,188,78,109,62,78,110,78,110,1
156,62,78,0,78,78,63,62,94,62,235,1
109,125,93,188,78,78,62,78,110,78,110,1
125,109,47,109,203,47,94,157,31,62,47,1
47,16,344,94,0,125,78,0,47,63,16,1
16,31,47,109,203,78,94,157,31,62,47,1
141,110,78,203,78,78,93,94,140,79,109,1
109,93,62,157,78,109,93,94,172,78,110,1
110,78,78,203,78,78,93,94,140,79,109,1
156,47,78,79,110,94,79,63,47,15,63,1
15,31,15,94,31,46,63,16,78,62,31,1
63,16,78,79,110,93,79,63,47,15,63,1
156,125,187,109,157,218,63,94,203,63,171,1
125,109,78,141,47,297,62,16,141,62,78,1
250,531,187,109,157,110,63,94,203,63,171,1
125,125,94,125,125,78,94,125,94,78,93,1
141,125,94,47,109,109,78,156,47,110,453,1
109,94,94,125,125,110,94,125,94,78,93,1
78,109,78,125,94,94,78,78,110,46,63,1
109,62,94,31,78,94,47,94,93,78,109,1
78,63,78,125,94,94,78,78,110,46,63,1
93,110,94,47,156,141,94,250,31,125,114,1
94,109,125,0,63,94,93,125,93,94,110,1
250,62,94,47,156,94,94,250,31,125,114,1
125,78,78,16,141,140,63,62,140,63,16,1
78,94,78,78,63,172,63,78,93,32,187,1
78,94,78,16,141,78,63,62,140,63,16,1
93,94,297,16,203,78,125,94,78,109,78,1
172,78,93,32,78,94,79,109,63,141,109,1
62,15,297,16,203,78,125,94,78,109,78,1
94,125,110,109,203,110,125,109,63,78,93,1
500,156,125,47,62,110,94,78,110,109,172,1
93,79,110,109,203,78,125,109,63,78,93,1
156,78,109,31,78,78,62,47,125,47,63,1
78,32,31,156,16,31,62,94,0,62,31,1
78,32,109,31,78,16,62,47,125,47,63,1
110,109,110,31,125,203,93,47,141,31,63,1
47,109,16,110,94,16,79,0,93,47,156,1
32,0,110,31,125,94,93,47,141,31,63,1
94,62,63,172,78,63,106,47,125,63,62,1
78,62,79,62,63,78,31,78,109,63,13,1
63,63,63,172,78,74,106,47,125,63,62,1
78,110,109,79,109,110,109,140,16,62,63,2
78,78,125,63,62,78,63,109,16,78,94,2
78,78,109,79,109,63,109,140,16,62,63,2
375,78,94,156,250,109,62,94,62,94,78,2
94,78,47,47,62,78,63,79,78,62,266,2
171,16,94,156,250,109,62,94,62,94,78,2
109,172,94,141,250,47,78,32,141,31,16,2
63,109,78,172,16,94,78,31,94,31,125,2
32,16,94,141,250,91,78,32,141,31,16,2
62,109,78,31,109,62,359,218,47,16,62,2
47,94,62,16,47,62,94,94,15,62,16,2
63,16,78,31,109,62,359,218,47,16,62,2
172,94,94,31,140,94,109,62,94,62,109,2
219,94,94,62,78,94,63,94,109,62,78,2
140,16,94,31,140,62,109,62,94,62,109,2
57,113,90,63,80,79,78,69,111,41,109,2
192,79,78,31,78,94,150,78,94,94,141,2
74,79,90,63,80,47,78,69,111,41,109,2
110,125,109,63,172,109,78,156,63,141,125,2
94,94,156,16,78,110,63,110,47,62,62,2
187,410,109,63,172,141,78,156,63,141,125,2
93,125,93,32,187,78,78,94,78,47,78,2
125,94,62,16,62,94,63,94,31,63,15,2
78,32,93,32,187,94,78,94,78,47,78,2
62,78,78,219,62,94,1015,79,125,62,62,2
62,63,62,63,78,63,62,93,110,93,485,2
31,47,78,219,62,63,1015,79,125,62,62,2
109,109,125,63,109,94,109,78,93,203,78,2
94,78,94,31,110,109,78,109,110,62,62,2
125,78,125,63,109,94,109,78,93,203,78,2
93,125,94,31,79,110,79,125,62,109,94,2
94,62,78,32,78,94,93,79,93,140,0,2
79,62,94,31,79,78,79,125,62,109,94,2
94,78,79,15,140,110,78,94,94,47,78,2
94,63,78,32,94,78,78,78,94,78,31,2
62,78,79,15,140,109,78,94,94,47,78,2
63,63,47,62,78,156,156,63,109,62,31,2
63,78,93,47,63,78,47,62,125,63,94,2
203,16,47,62,78,47,156,63,109,62,31,2
140,141,94,62,172,94,62,141,62,125,94,2
125,110,93,32,78,94,46,109,31,110,47,2
31,16,94,62,172,516,62,141,62,125,94,2
63,78,62,63,78,78,94,78,93,63,62,2
78,79,63,78,63,63,63,78,94,63,78,2
94,78,62,63,78,78,94,78,93,63,62,2
109,63,78,47,125,78,78,47,63,109,62,2
47,78,16,93,32,16,78,31,62,79,62,2
94,0,78,47,125,78,78,47,63,109,62,2
94,109,62,157,78,94,79,79,78,78,93,2
94,93,93,0,94,110,78,78,110,78,94,2
110,78,62,157,78,79,79,79,78,78,93,2
94,62,63,94,78,63,109,78,94,63,78,2
94,63,62,63,62,78,78,63,109,78,125,2
63,63,63,94,78,62,109,78,94,63,78,2
78,157,156,0,78,266,62,31,109,47,0,2
94,94,15,78,47,156,63,15,125,46,141,2
47,16,156,0,78,31,62,31,109,47,0,2
62,109,78,62,109,110,94,141,0,62,32,2
78,93,47,78,31,156,46,63,172,16,500,2
78,78,78,62,109,63,94,141,0,62,32,2
